#: table_doi: 10.17182/hepdata.94313.v1/t149
#: name: AntiXi+ pT spectrum, Au+Au 11.5 GeV, 40-60%
#: description: Data from STAR beam energy scan (Phase I) at RHIC, for mid-rapidity (|y|<0.5)
#: data_file: fig9_xibar_auau11_cent1.yaml
#: keyword reactions: Au+Au
#: keyword observables: AntiXi+ pT spectrum
#: keyword cmenergies: 11.5
#: Centrality,,,40-60%
pT [GeV/c],pT [GeV/c] LOW,pT [GeV/c] HIGH,d^2N/(2*pi*Nevt*pT*dy*dpT) [c^2/GeV^2],stat +,stat -,sys +,sys -
0.7918,0.6,1.0,0.003373,0.000233,-0.000233,0.00023,-0.00023
1.1413,1.0,1.3,0.001472,8.6e-05,-8.6e-05,0.00011,-0.00011
1.4391,1.3,1.6,0.000588,3.52e-05,-3.52e-05,4.19e-05,-4.19e-05
1.7375,1.6,1.9,0.0002263,1.63e-05,-1.63e-05,1.7e-05,-1.7e-05
2.0365,1.9,2.2,6.471e-05,6.93e-06,-6.93e-06,5.37e-06,-5.37e-06
2.3747,2.2,2.6,1.794e-05,2.83e-06,-2.83e-06,1.28e-06,-1.28e-06
2.8418,2.6,3.2,2.458e-06,7.16e-07,-7.16e-07,1.89e-07,-1.89e-07
3.4966,3.2,4.0,2.76e-07,1.59e-07,-1.59e-07,2.2e-08,-2.2e-08

