#: table_doi: 10.17182/hepdata.94313.v1/t162
#: name: AntiXi+ pT spectrum, Au+Au 27 GeV, 60-80%
#: description: Data from STAR beam energy scan (Phase I) at RHIC, for mid-rapidity (|y|<0.5)
#: data_file: fig9_xibar_auau27_cent0.yaml
#: keyword reactions: Au+Au
#: keyword observables: AntiXi+ pT spectrum
#: keyword cmenergies: 27
#: Centrality,,,60-80%
pT [GeV/c],pT [GeV/c] LOW,pT [GeV/c] HIGH,d^2N/(2*pi*Nevt*pT*dy*dpT) [c^2/GeV^2],stat +,stat -,sys +,sys -
0.7913,0.6,1.0,0.002758,9e-05,-9e-05,0.000142,-0.000142
1.1413,1.0,1.3,0.0010685,3.1e-05,-3.1e-05,3.68e-05,-3.68e-05
1.4393,1.3,1.6,0.0004108,1.25e-05,-1.25e-05,1.56e-05,-1.56e-05
1.738,1.6,1.9,0.0001536,5.48e-06,-5.48e-06,6.66e-06,-6.66e-06
2.0372,1.9,2.2,5.549e-05,2.56e-06,-2.56e-06,2.54e-06,-2.54e-06
2.3768,2.2,2.6,1.675e-05,1.01e-06,-1.01e-06,1.04e-06,-1.04e-06
2.8488,2.6,3.2,3.518e-06,3.16e-07,-3.16e-07,1.64e-07,-1.64e-07
3.5134,3.2,4.0,2.897e-07,7.43e-08,-7.43e-08,1.41e-08,-1.41e-08

