#: table_doi: 10.17182/hepdata.94313.v1/t155
#: name: AntiXi+ pT spectrum, Au+Au 19.6 GeV, 60-80%
#: description: Data from STAR beam energy scan (Phase I) at RHIC, for mid-rapidity (|y|<0.5)
#: data_file: fig9_xibar_auau19_cent0.yaml
#: keyword reactions: Au+Au
#: keyword observables: AntiXi+ pT spectrum
#: keyword cmenergies: 19.6
#: Centrality,,,60-80%
pT [GeV/c],pT [GeV/c] LOW,pT [GeV/c] HIGH,d^2N/(2*pi*Nevt*pT*dy*dpT) [c^2/GeV^2],stat +,stat -,sys +,sys -
0.7898,0.6,1.0,0.001914,9.1e-05,-9.1e-05,0.000123,-0.000123
1.1402,1.0,1.3,0.0007449,3.15e-05,-3.15e-05,2.8e-05,-2.8e-05
1.4381,1.3,1.6,0.0002608,1.25e-05,-1.25e-05,1.26e-05,-1.26e-05
1.7367,1.6,1.9,9.324e-05,5.8e-06,-5.8e-06,6e-06,-6e-06
2.0358,1.9,2.2,2.794e-05,2.59e-06,-2.59e-06,1.94e-06,-1.94e-06
2.3746,2.2,2.6,8.26e-06,1.03e-06,-1.03e-06,4.8e-07,-4.8e-07
2.8448,2.6,3.2,9.35e-07,2.62e-07,-2.62e-07,5.4e-08,-5.4e-08
3.508,3.2,4.0,2.374e-07,9.4e-08,-9.4e-08,1.41e-08,-1.41e-08

