#: table_doi: 10.17182/hepdata.94313.v1/t158
#: name: AntiXi+ pT spectrum, Au+Au 19.6 GeV, 20-30%
#: description: Data from STAR beam energy scan (Phase I) at RHIC, for mid-rapidity (|y|<0.5)
#: data_file: fig9_xibar_auau19_cent3.yaml
#: keyword reactions: Au+Au
#: keyword observables: AntiXi+ pT spectrum
#: keyword cmenergies: 19.6
#: Centrality,,,20-30%
pT [GeV/c],pT [GeV/c] LOW,pT [GeV/c] HIGH,d^2N/(2*pi*Nevt*pT*dy*dpT) [c^2/GeV^2],stat +,stat -,sys +,sys -
0.798,0.6,1.0,0.02789,0.00065,-0.00065,0.00111,-0.00111
1.1447,1.0,1.3,0.014976,0.000275,-0.000275,0.000552,-0.000552
1.4422,1.3,1.6,0.007319,0.000135,-0.000135,0.000269,-0.000269
1.7404,1.6,1.9,0.003168,6.4e-05,-6.4e-05,0.000137,-0.000137
2.0391,1.9,2.2,0.0013145,3.2e-05,-3.2e-05,6.03e-05,-6.03e-05
2.3789,2.2,2.6,0.0004472,1.38e-05,-1.38e-05,1.77e-05,-1.77e-05
2.8519,2.6,3.2,7.982e-05,4.02e-06,-4.02e-06,3.19e-06,-3.19e-06
3.5154,3.2,4.0,7.924e-06,9.3e-07,-9.3e-07,3.27e-07,-3.27e-07

