#: table_doi: 10.17182/hepdata.94313.v1/t157
#: name: AntiXi+ pT spectrum, Au+Au 19.6 GeV, 30-40%
#: description: Data from STAR beam energy scan (Phase I) at RHIC, for mid-rapidity (|y|<0.5)
#: data_file: fig9_xibar_auau19_cent2.yaml
#: keyword reactions: Au+Au
#: keyword observables: AntiXi+ pT spectrum
#: keyword cmenergies: 19.6
#: Centrality,,,30-40%
pT [GeV/c],pT [GeV/c] LOW,pT [GeV/c] HIGH,d^2N/(2*pi*Nevt*pT*dy*dpT) [c^2/GeV^2],stat +,stat -,sys +,sys -
0.7951,0.6,1.0,0.018295,0.000495,-0.000495,0.000711,-0.000711
1.1433,1.0,1.3,0.009291,0.000207,-0.000207,0.000342,-0.000342
1.4412,1.3,1.6,0.00423,9.2e-05,-9.2e-05,0.000159,-0.000159
1.7397,1.6,1.9,0.0017334,4.29e-05,-4.29e-05,7.57e-05,-7.57e-05
2.0387,1.9,2.2,0.0006774,2.12e-05,-2.12e-05,3.09e-05,-3.09e-05
2.3783,2.2,2.6,0.00022717,8.86e-06,-8.86e-06,9e-06,-9e-06
2.8511,2.6,3.2,4.342e-05,2.71e-06,-2.71e-06,1.72e-06,-1.72e-06
3.5152,3.2,4.0,3.222e-06,5.93e-07,-5.93e-07,1.33e-07,-1.33e-07

