#: table_doi: 10.17182/hepdata.94313.v1/t150
#: name: AntiXi+ pT spectrum, Au+Au 11.5 GeV, 30-40%
#: description: Data from STAR beam energy scan (Phase I) at RHIC, for mid-rapidity (|y|<0.5)
#: data_file: fig9_xibar_auau11_cent2.yaml
#: keyword reactions: Au+Au
#: keyword observables: AntiXi+ pT spectrum
#: keyword cmenergies: 11.5
#: Centrality,,,30-40%
pT [GeV/c],pT [GeV/c] LOW,pT [GeV/c] HIGH,d^2N/(2*pi*Nevt*pT*dy*dpT) [c^2/GeV^2],stat +,stat -,sys +,sys -
0.7957,0.6,1.0,0.007084,0.000502,-0.000502,0.000466,-0.000466
1.1433,1.0,1.3,0.003754,0.000201,-0.000201,0.000288,-0.000288
1.4408,1.3,1.6,0.001521,8.4e-05,-8.4e-05,0.00011,-0.00011
1.7391,1.6,1.9,0.0006302,4.19e-05,-4.19e-05,4.66e-05,-4.66e-05
2.0379,1.9,2.2,0.0002452,2.14e-05,-2.14e-05,1.96e-05,-1.96e-05
2.3771,2.2,2.6,6.666e-05,7.86e-06,-7.86e-06,4.52e-06,-4.52e-06
2.8473,2.6,3.2,1.321e-05,2.21e-06,-2.21e-06,9.7e-07,-9.7e-07
3.5056,3.2,4.0,7.91e-07,4.81e-07,-4.81e-07,5.9e-08,-5.9e-08

