#: table_doi: 10.17182/hepdata.94313.v1/t146
#: name: AntiXi+ pT spectrum, Au+Au 7.7 GeV, 5-10%
#: description: Data from STAR beam energy scan (Phase I) at RHIC, for mid-rapidity (|y|<0.5)
#: data_file: fig9_xibar_auau7_cent5.yaml
#: keyword reactions: Au+Au
#: keyword observables: AntiXi+ pT spectrum
#: keyword cmenergies: 7.7
#: Centrality,,,5-10%
pT [GeV/c],pT [GeV/c] LOW,pT [GeV/c] HIGH,d^2N/(2*pi*Nevt*pT*dy*dpT) [c^2/GeV^2],stat +,stat -,sys +,sys -
0.799,0.6,1.0,0.00767,0.00136,-0.00136,0.00051,-0.00051
1.1898,1.0,1.4,0.004325,0.000469,-0.000469,0.000325,-0.000325
1.5836,1.4,1.8,0.001553,0.000205,-0.000205,0.000108,-0.000108
1.9796,1.8,2.2,0.0003979,7.13e-05,-7.13e-05,3.19e-05,-3.19e-05
2.3781,2.2,2.6,0.0001113,2.86e-05,-2.86e-05,7.6e-06,-7.6e-06
2.8808,2.6,3.3,1.257e-05,5.39e-06,-5.39e-06,9.3e-07,-9.3e-07

