#: table_doi: 10.17182/hepdata.94313.v1/t228
#: name: AntiXi+ dN/dy, Au+Au 11.5 GeV
#: description: Data from STAR beam energy scan (Phase I) at RHIC, for mid-rapidity (|y|<0.5)
#: data_file: fig17_xibar_auau11.yaml
#: keyword reactions: Au+Au
#: keyword observables: AntiXi+ dN/dy
#: keyword cmenergies: 11.5
#: particles,AntiXi+
<Npart>,dN/dy,stat +,stat -,sys +,sys -
20.1,0.00422,0.00034,-0.00034,0.0003,-0.0003
58.5,0.0203,0.0007,-0.0007,0.0014,-0.0014
110.0,0.0441,0.0013,-0.0013,0.0035,-0.0035
159.6,0.0689,0.0016,-0.0016,0.0055,-0.0055
226.0,0.1086,0.0022,-0.0022,0.0092,-0.0092
290.6,0.149,0.004,-0.004,0.012,-0.012
338.2,0.169,0.004,-0.004,0.014,-0.014

