#: table_doi: 10.17182/hepdata.94313.v1/t161
#: name: AntiXi+ pT spectrum, Au+Au 19.6 GeV, 0-5%
#: description: Data from STAR beam energy scan (Phase I) at RHIC, for mid-rapidity (|y|<0.5)
#: data_file: fig9_xibar_auau19_cent6.yaml
#: keyword reactions: Au+Au
#: keyword observables: AntiXi+ pT spectrum
#: keyword cmenergies: 19.6
#: Centrality,,,0-5%
pT [GeV/c],pT [GeV/c] LOW,pT [GeV/c] HIGH,d^2N/(2*pi*Nevt*pT*dy*dpT) [c^2/GeV^2],stat +,stat -,sys +,sys -
0.802,0.6,1.0,0.0616,0.00205,-0.00205,0.00308,-0.00308
1.1471,1.0,1.3,0.03812,0.00088,-0.00088,0.0021,-0.0021
1.4441,1.3,1.6,0.02059,0.00048,-0.00048,0.00133,-0.00133
1.7416,1.6,1.9,0.010099,0.000256,-0.000256,0.000691,-0.000691
2.0398,1.9,2.2,0.003984,0.00012,-0.00012,0.000247,-0.000247
2.3794,2.2,2.6,0.0013822,5.48e-05,-5.48e-05,8.27e-05,-8.27e-05
2.8528,2.6,3.2,0.0002496,1.63e-05,-1.63e-05,1.51e-05,-1.51e-05
3.5169,3.2,4.0,3.253e-05,3.98e-06,-3.98e-06,1.99e-06,-1.99e-06

