#: table_doi: 10.17182/hepdata.94313.v1/t144
#: name: AntiXi+ pT spectrum, Au+Au 7.7 GeV, 20-30%
#: description: Data from STAR beam energy scan (Phase I) at RHIC, for mid-rapidity (|y|<0.5)
#: data_file: fig9_xibar_auau7_cent3.yaml
#: keyword reactions: Au+Au
#: keyword observables: AntiXi+ pT spectrum
#: keyword cmenergies: 7.7
#: Centrality,,,20-30%
pT [GeV/c],pT [GeV/c] LOW,pT [GeV/c] HIGH,d^2N/(2*pi*Nevt*pT*dy*dpT) [c^2/GeV^2],stat +,stat -,sys +,sys -
0.7972,0.6,1.0,0.00367,0.000595,-0.000595,0.00025,-0.00025
1.1885,1.0,1.4,0.001528,0.000173,-0.000173,0.000115,-0.000115
1.583,1.4,1.8,0.0005536,6.44e-05,-6.44e-05,3.75e-05,-3.75e-05
1.9794,1.8,2.2,0.0001625,2.34e-05,-2.34e-05,1.31e-05,-1.31e-05
2.3778,2.2,2.6,3.956e-05,9.31e-06,-9.31e-06,2.73e-06,-2.73e-06
2.8798,2.6,3.3,4.91e-06,2e-06,-2e-06,3.7e-07,-3.7e-07

