#: table_doi: 10.17182/hepdata.94313.v1/t151
#: name: AntiXi+ pT spectrum, Au+Au 11.5 GeV, 20-30%
#: description: Data from STAR beam energy scan (Phase I) at RHIC, for mid-rapidity (|y|<0.5)
#: data_file: fig9_xibar_auau11_cent3.yaml
#: keyword reactions: Au+Au
#: keyword observables: AntiXi+ pT spectrum
#: keyword cmenergies: 11.5
#: Centrality,,,20-30%
pT [GeV/c],pT [GeV/c] LOW,pT [GeV/c] HIGH,d^2N/(2*pi*Nevt*pT*dy*dpT) [c^2/GeV^2],stat +,stat -,sys +,sys -
0.7982,0.6,1.0,0.010657,0.000607,-0.000607,0.000726,-0.000726
1.1444,1.0,1.3,0.006149,0.000282,-0.000282,0.000463,-0.000463
1.4417,1.3,1.6,0.002759,0.000124,-0.000124,0.000197,-0.000197
1.7396,1.6,1.9,0.0011326,5.81e-05,-5.81e-05,8.41e-05,-8.41e-05
2.0381,1.9,2.2,0.0004397,2.92e-05,-2.92e-05,3.56e-05,-3.56e-05
2.3776,2.2,2.6,0.0001145,1.11e-05,-1.11e-05,7.9e-06,-7.9e-06
2.8483,2.6,3.2,2.188e-05,3.28e-06,-3.28e-06,1.63e-06,-1.63e-06
3.5073,3.2,4.0,1.97e-06,6.83e-07,-6.83e-07,1.49e-07,-1.49e-07

