#: table_doi: 10.17182/hepdata.94313.v1/t152
#: name: AntiXi+ pT spectrum, Au+Au 11.5 GeV, 10-20%
#: description: Data from STAR beam energy scan (Phase I) at RHIC, for mid-rapidity (|y|<0.5)
#: data_file: fig9_xibar_auau11_cent4.yaml
#: keyword reactions: Au+Au
#: keyword observables: AntiXi+ pT spectrum
#: keyword cmenergies: 11.5
#: Centrality,,,10-20%
pT [GeV/c],pT [GeV/c] LOW,pT [GeV/c] HIGH,d^2N/(2*pi*Nevt*pT*dy*dpT) [c^2/GeV^2],stat +,stat -,sys +,sys -
0.7998,0.6,1.0,0.01696,0.00087,-0.00087,0.00111,-0.00111
1.1452,1.0,1.3,0.009874,0.000384,-0.000384,0.000747,-0.000747
1.4422,1.3,1.6,0.00442,0.000167,-0.000167,0.000317,-0.000317
1.7399,1.6,1.9,0.002024,8.6e-05,-8.6e-05,0.00015,-0.00015
2.0383,1.9,2.2,0.0007193,4.07e-05,-4.07e-05,5.79e-05,-5.79e-05
2.3779,2.2,2.6,0.000215,1.62e-05,-1.62e-05,1.48e-05,-1.48e-05
2.8488,2.6,3.2,3.658e-05,4.79e-06,-4.79e-06,2.71e-06,-2.71e-06
3.5082,3.2,4.0,3.37e-06,1.03e-06,-1.03e-06,2.5e-07,-2.5e-07

