#: table_doi: 10.17182/hepdata.94313.v1/t156
#: name: AntiXi+ pT spectrum, Au+Au 19.6 GeV, 40-60%
#: description: Data from STAR beam energy scan (Phase I) at RHIC, for mid-rapidity (|y|<0.5)
#: data_file: fig9_xibar_auau19_cent1.yaml
#: keyword reactions: Au+Au
#: keyword observables: AntiXi+ pT spectrum
#: keyword cmenergies: 19.6
#: Centrality,,,40-60%
pT [GeV/c],pT [GeV/c] LOW,pT [GeV/c] HIGH,d^2N/(2*pi*Nevt*pT*dy*dpT) [c^2/GeV^2],stat +,stat -,sys +,sys -
0.7923,0.6,1.0,0.008762,0.000234,-0.000234,0.000565,-0.000565
1.1419,1.0,1.3,0.003751,8.5e-05,-8.5e-05,0.000143,-0.000143
1.44,1.3,1.6,0.0016377,3.74e-05,-3.74e-05,7.9e-05,-7.9e-05
1.7387,1.6,1.9,0.0006256,1.7e-05,-1.7e-05,4.01e-05,-4.01e-05
2.0378,1.9,2.2,0.0002371,8e-06,-8e-06,1.63e-05,-1.63e-05
2.3772,2.2,2.6,7.071e-05,3.24e-06,-3.24e-06,4.06e-06,-4.06e-06
2.8489,2.6,3.2,1.2629e-05,9.28e-07,-9.28e-07,7.34e-07,-7.34e-07
3.5117,3.2,4.0,1.061e-06,2.09e-07,-2.09e-07,6.2e-08,-6.2e-08

