#: table_doi: 10.17182/hepdata.94313.v1/t182
#: name: K0S <mT>-m0, Au+Au 19.6 GeV
#: description: Data from STAR beam energy scan (Phase I) at RHIC, for mid-rapidity (|y|<0.5)
#: data_file: fig13_k0s_auau19.yaml
#: keyword reactions: Au+Au
#: keyword observables: K0S <mT>-m0
#: keyword cmenergies: 19.6
#: particles,K0S
<Npart>,<mT>-m0 [GeV^2/c^2],stat +,stat -,sys +,sys -
19.9,0.2595,0.0014,-0.0014,0.004,-0.004
57.7,0.2826,0.0011,-0.0011,0.0028,-0.0028
108.0,0.2989,0.001,-0.001,0.0033,-0.0033
158.1,0.3101,0.0008,-0.0008,0.0039,-0.0039
224.9,0.3171,0.0007,-0.0007,0.0048,-0.0048
289.2,0.3222,0.0009,-0.0009,0.0065,-0.0065
338.0,0.3248,0.0008,-0.0008,0.0059,-0.0059

