#: table_doi: 10.17182/hepdata.94313.v1/t254
#: name: Omega- dN/dy, Au+Au 39 GeV
#: description: Data from STAR beam energy scan (Phase I) at RHIC, for mid-rapidity (|y|<0.5)
#: data_file: fig17_omega_auau39.yaml
#: keyword reactions: Au+Au
#: keyword observables: Omega- dN/dy
#: keyword cmenergies: 39
#: particles,Omega-
<Npart>,dN/dy,stat +,stat -,sys +,sys -
20.0,0.00248,0.00022,-0.00022,0.00014,-0.00014
59.2,0.01271,0.00045,-0.00045,0.00074,-0.00074
137.0,0.0547,0.0012,-0.0012,0.0033,-0.0033
229.8,0.112,0.003,-0.003,0.0092,-0.0092
317.3,0.191,0.006,-0.006,0.017,-0.017

