#: table_doi: 10.17182/hepdata.94313.v1/t214
#: name: Omega- <mT>-m0, Au+Au 39 GeV
#: description: Data from STAR beam energy scan (Phase I) at RHIC, for mid-rapidity (|y|<0.5)
#: data_file: fig15_omega_auau39.yaml
#: keyword reactions: Au+Au
#: keyword observables: Omega- <mT>-m0
#: keyword cmenergies: 39
#: particles,Omega-
<Npart>,<mT>-m0 [GeV^2/c^2],stat +,stat -,sys +,sys -
20.0,0.2897,0.0156,-0.0156,0.0034,-0.0034
59.2,0.3421,0.0072,-0.0072,0.0064,-0.0064
137.0,0.3632,0.0043,-0.0043,0.0086,-0.0086
229.8,0.365,0.0052,-0.0052,0.0196,-0.0196
317.3,0.3637,0.0055,-0.0055,0.0205,-0.0205

