#: table_doi: 10.17182/hepdata.94313.v1/t210
#: name: Phi <mT>-m0, Au+Au 27 GeV
#: description: Data from STAR beam energy scan (Phase I) at RHIC, for mid-rapidity (|y|<0.5)
#: data_file: fig15_phi_auau27.yaml
#: keyword reactions: Au+Au
#: keyword observables: Phi <mT>-m0
#: keyword cmenergies: 27
#: particles,Phi
<Npart>,<mT>-m0 [GeV^2/c^2],stat +,stat -,sys +,sys -
20.5,0.2753,0.003,-0.003,0.0052,-0.0052
61.2,0.2996,0.0028,-0.0028,0.0051,-0.0051
114.0,0.323,0.0032,-0.0032,0.0037,-0.0037
165.5,0.3414,0.0037,-0.0037,0.0051,-0.0051
233.6,0.3543,0.0036,-0.0036,0.0054,-0.0054
319.3,0.3665,0.004,-0.004,0.0078,-0.0078

