#: table_doi: 10.17182/hepdata.94313.v1/t213
#: name: Phi <mT>-m0, Au+Au 39 GeV
#: description: Data from STAR beam energy scan (Phase I) at RHIC, for mid-rapidity (|y|<0.5)
#: data_file: fig15_phi_auau39.yaml
#: keyword reactions: Au+Au
#: keyword observables: Phi <mT>-m0
#: keyword cmenergies: 39
#: particles,Phi
<Npart>,<mT>-m0 [GeV^2/c^2],stat +,stat -,sys +,sys -
20.0,0.2957,0.0025,-0.0025,0.0073,-0.0073
59.2,0.3259,0.0023,-0.0023,0.0052,-0.0052
111.4,0.3631,0.0028,-0.0028,0.0036,-0.0036
162.4,0.3739,0.0028,-0.0028,0.0047,-0.0047
229.8,0.3844,0.0028,-0.0028,0.0069,-0.0069
317.3,0.3817,0.003,-0.003,0.0088,-0.0088

