#: table_doi: 10.17182/hepdata.94313.v1/t193
#: name: Xi- <mT>-m0, Au+Au 11.5 GeV
#: description: Data from STAR beam energy scan (Phase I) at RHIC, for mid-rapidity (|y|<0.5)
#: data_file: fig14_xi_auau11.yaml
#: keyword reactions: Au+Au
#: keyword observables: Xi- <mT>-m0
#: keyword cmenergies: 11.5
#: particles,Xi-
<Npart>,<mT>-m0 [GeV^2/c^2],stat +,stat -,sys +,sys -
20.1,0.2159,0.0061,-0.0061,0.005,-0.005
58.5,0.2638,0.0034,-0.0034,0.0057,-0.0057
110.0,0.2839,0.0028,-0.0028,0.006,-0.006
159.6,0.3085,0.0024,-0.0024,0.0078,-0.0078
226.0,0.3239,0.0021,-0.0021,0.0128,-0.0128
290.6,0.3322,0.0028,-0.0028,0.015,-0.015
338.2,0.3354,0.0027,-0.0027,0.012,-0.012

