#: table_doi: 10.17182/hepdata.94313.v1/t111
#: name: Xi- pT spectrum, Au+Au 7.7 GeV, 5-10%
#: description: Data from STAR beam energy scan (Phase I) at RHIC, for mid-rapidity (|y|<0.5)
#: data_file: fig8_xi_auau7_cent5.yaml
#: keyword reactions: Au+Au
#: keyword observables: Xi- pT spectrum
#: keyword cmenergies: 7.7
#: Centrality,,,5-10%
pT [GeV/c],pT [GeV/c] LOW,pT [GeV/c] HIGH,d^2N/(2*pi*Nevt*pT*dy*dpT) [c^2/GeV^2],stat +,stat -,sys +,sys -
0.7973,0.6,1.0,0.1558,0.0088,-0.0088,0.0103,-0.0103
1.1435,1.0,1.3,0.08118,0.00347,-0.00347,0.00611,-0.00611
1.4405,1.3,1.6,0.03346,0.00142,-0.00142,0.00242,-0.00242
1.7383,1.6,1.9,0.011777,0.000597,-0.000597,0.00088,-0.00088
2.0367,1.9,2.2,0.004352,0.000288,-0.000288,0.000349,-0.000349
2.3758,2.2,2.6,0.00115,0.000122,-0.000122,7.8e-05,-7.8e-05
2.8742,2.6,3.3,0.0001463,3.08e-05,-3.08e-05,1.08e-05,-1.08e-05

