#: table_doi: 10.17182/hepdata.94313.v1/t115
#: name: Xi- pT spectrum, Au+Au 11.5 GeV, 30-40%
#: description: Data from STAR beam energy scan (Phase I) at RHIC, for mid-rapidity (|y|<0.5)
#: data_file: fig8_xi_auau11_cent2.yaml
#: keyword reactions: Au+Au
#: keyword observables: Xi- pT spectrum
#: keyword cmenergies: 11.5
#: Centrality,,,30-40%
pT [GeV/c],pT [GeV/c] LOW,pT [GeV/c] HIGH,d^2N/(2*pi*Nevt*pT*dy*dpT) [c^2/GeV^2],stat +,stat -,sys +,sys -
0.7932,0.6,1.0,0.0495,0.00202,-0.00202,0.00325,-0.00325
1.1422,1.0,1.3,0.02135,0.00071,-0.00071,0.00164,-0.00164
1.44,1.3,1.6,0.009177,0.000294,-0.000294,0.000664,-0.000664
1.7384,1.6,1.9,0.003595,0.000125,-0.000125,0.000266,-0.000266
2.0374,1.9,2.2,0.001261,5.5e-05,-5.5e-05,0.000101,-0.000101
2.3766,2.2,2.6,0.000365,1.97e-05,-1.97e-05,2.47e-05,-2.47e-05
2.846,2.6,3.2,5.863e-05,5.48e-06,-5.48e-06,4.3e-06,-4.3e-06
3.5034,3.2,4.0,6.13e-06,1.42e-06,-1.42e-06,4.6e-07,-4.6e-07

