#: table_doi: 10.17182/hepdata.94313.v1/t106
#: name: Xi- pT spectrum, Au+Au 7.7 GeV, 60-80%
#: description: Data from STAR beam energy scan (Phase I) at RHIC, for mid-rapidity (|y|<0.5)
#: data_file: fig8_xi_auau7_cent0.yaml
#: keyword reactions: Au+Au
#: keyword observables: Xi- pT spectrum
#: keyword cmenergies: 7.7
#: Centrality,,,60-80%
pT [GeV/c],pT [GeV/c] LOW,pT [GeV/c] HIGH,d^2N/(2*pi*Nevt*pT*dy*dpT) [c^2/GeV^2],stat +,stat -,sys +,sys -
0.7879,0.6,1.0,0.002656,0.000321,-0.000321,0.000188,-0.000188
1.1388,1.0,1.3,0.0006337,8.59e-05,-8.59e-05,4.73e-05,-4.73e-05
1.4365,1.3,1.6,0.0003026,3.8e-05,-3.8e-05,2.16e-05,-2.16e-05
1.735,1.6,1.9,8.19e-05,1.64e-05,-1.64e-05,6e-06,-6e-06
2.034,1.9,2.2,1.65e-05,6.08e-06,-6.08e-06,1.31e-06,-1.31e-06
2.3697,2.2,2.6,4.65e-06,2.08e-06,-2.08e-06,3.1e-07,-3.1e-07

