#: table_doi: 10.17182/hepdata.94313.v1/t107
#: name: Xi- pT spectrum, Au+Au 7.7 GeV, 40-60%
#: description: Data from STAR beam energy scan (Phase I) at RHIC, for mid-rapidity (|y|<0.5)
#: data_file: fig8_xi_auau7_cent1.yaml
#: keyword reactions: Au+Au
#: keyword observables: Xi- pT spectrum
#: keyword cmenergies: 7.7
#: Centrality,,,40-60%
pT [GeV/c],pT [GeV/c] LOW,pT [GeV/c] HIGH,d^2N/(2*pi*Nevt*pT*dy*dpT) [c^2/GeV^2],stat +,stat -,sys +,sys -
0.7896,0.6,1.0,0.014553,0.000902,-0.000902,0.000993,-0.000993
1.1398,1.0,1.3,0.006615,0.00034,-0.00034,0.000495,-0.000495
1.4376,1.3,1.6,0.002096,0.000118,-0.000118,0.00015,-0.00015
1.7361,1.6,1.9,0.0007195,4.97e-05,-4.97e-05,5.4e-05,-5.4e-05
2.0351,1.9,2.2,0.0001986,2.26e-05,-2.26e-05,1.65e-05,-1.65e-05
2.3719,2.2,2.6,5.461e-05,8.06e-06,-8.06e-06,3.91e-06,-3.91e-06
2.8634,2.6,3.3,2.59e-06,1.43e-06,-1.43e-06,2e-07,-2e-07

