#: table_doi: 10.17182/hepdata.94313.v1/t121
#: name: Xi- pT spectrum, Au+Au 19.6 GeV, 40-60%
#: description: Data from STAR beam energy scan (Phase I) at RHIC, for mid-rapidity (|y|<0.5)
#: data_file: fig8_xi_auau19_cent1.yaml
#: keyword reactions: Au+Au
#: keyword observables: Xi- pT spectrum
#: keyword cmenergies: 19.6
#: Centrality,,,40-60%
pT [GeV/c],pT [GeV/c] LOW,pT [GeV/c] HIGH,d^2N/(2*pi*Nevt*pT*dy*dpT) [c^2/GeV^2],stat +,stat -,sys +,sys -
0.7924,0.6,1.0,0.02277,0.00049,-0.00049,0.00132,-0.00132
1.142,1.0,1.3,0.009911,0.00018,-0.00018,0.000513,-0.000513
1.4401,1.3,1.6,0.004366,7.8e-05,-7.8e-05,0.000208,-0.000208
1.7389,1.6,1.9,0.0016994,3.28e-05,-3.28e-05,8e-05,-8e-05
2.0381,1.9,2.2,0.0006621,1.53e-05,-1.53e-05,3.36e-05,-3.36e-05
2.3777,2.2,2.6,0.0002049,5.8e-06,-5.8e-06,1.35e-05,-1.35e-05
2.85,2.6,3.2,4.072e-05,1.79e-06,-1.79e-06,2.19e-06,-2.19e-06
3.5134,3.2,4.0,3.366e-06,4.15e-07,-4.15e-07,1.85e-07,-1.85e-07

